<?xml version="1.0" encoding="UTF-8" ?>
<Project>
    <ProjectInfo gkxmlVersion="1.2">
        <Title>Bzhantai3</Title>
    </ProjectInfo>
    <Building sourceType="GPL" northAxis="0">
        <EarthReferenceSystem type="WGS84">
            <altitudeMode>relativeToGround</altitudeMode>
            <Location>
                <longitude>30</longitude>
                <latitude>119</latitude>
                <altitude>0</altitude>
            </Location>
            <Orientation>
                <heading>0</heading>
                <tilt>0.0</tilt>
                <roll>0.0</roll>
            </Orientation>
        </EarthReferenceSystem>
        <ExportOptions>
            <Item name="floorMerge" value="false" />
            <Item name="wallMerge" value="true">
                <MergeObjectTypes>WALL,CEILING,COLUMN,SLAB,SPACE,DOOR,WINDOW,STAIR,ELEVATOR,FACILITY</MergeObjectTypes>
            </Item>
        </ExportOptions>
        <Unit>centimeter</Unit>
        <DefaultBuilding>false</DefaultBuilding>
        <DefaultFloor>0</DefaultFloor>
        <Floors>
            <Floor id="0" name="1F" baseFloor="1" groupID="0" isMain="True">
                <FileSource name=".\Bzhantai3_1F_0.sbm" type="SBM" />
                <BoundingBox minimum="204.930191, 0.000000, 212.052078" maximum="1737.483154, 200.000000, 868.067200" />
            </Floor>
        </Floors>
        <SpaceInfo>
            <Floor id="0" name="1F" longname="78937076" baseFloor="1" level="0" />
        </SpaceInfo>
        <ObjectHierarchy>
            <Entity id="0" name="1F" type="Floor" longname="78937076">
                <Entity id="6" name="MERGED_0_LIBENT0_0" longname="" type="MERGED" visible="True" />
                <Entity id="4" name="MERGED_0_LIBENT11_0" longname="" type="MERGED" visible="True" />
                <Entity id="1" name="MERGED_0_LIBENT1_0" longname="" type="MERGED" visible="True" />
                <Entity id="5" name="MERGED_0_LIBENT20_0" longname="" type="MERGED" visible="True" />
                <Entity id="7" name="MERGED_0_LIBENT24_0" longname="" type="MERGED" visible="True" />
                <Entity id="8" name="MERGED_0_LIBENT25_0" longname="" type="MERGED" visible="True" />
                <Entity id="3" name="MERGED_0_LIBENT2_0" longname="" type="MERGED" visible="True" />
                <Entity id="2" name="MERGED_0_LIBENT3_0" longname="" type="MERGED" visible="True" />
                <Entity id="9" name="MERGED_0_LIBENT9_0" longname="" type="MERGED" visible="True" />
            </Entity>
        </ObjectHierarchy>
    </Building>
</Project>
