<?xml version="1.0" encoding="UTF-8" ?>
<Project>
    <ProjectInfo gkxmlVersion="1.2">
        <Title>batai</Title>
    </ProjectInfo>
    <Building sourceType="GPL" northAxis="0">
        <EarthReferenceSystem type="WGS84">
            <altitudeMode>relativeToGround</altitudeMode>
            <Location>
                <longitude>30</longitude>
                <latitude>119</latitude>
                <altitude>0</altitude>
            </Location>
            <Orientation>
                <heading>0</heading>
                <tilt>0.0</tilt>
                <roll>0.0</roll>
            </Orientation>
        </EarthReferenceSystem>
        <ExportOptions>
            <Item name="floorMerge" value="false" />
            <Item name="wallMerge" value="true">
                <MergeObjectTypes>WALL,CEILING,COLUMN,SLAB,SPACE,DOOR,WINDOW,STAIR,ELEVATOR</MergeObjectTypes>
            </Item>
        </ExportOptions>
        <Unit>centimeter</Unit>
        <DefaultBuilding>false</DefaultBuilding>
        <DefaultFloor>0</DefaultFloor>
        <Floors>
            <Floor id="0" name="1F" baseFloor="1" groupID="0" isMain="True">
                <FileSource name=".\batai_1F_0.sbm" type="SBM" />
                <BoundingBox minimum="-249.794022, 0.000000, -119.125458" maximum="188.079422, 120.000000, 174.216919" />
            </Floor>
        </Floors>
        <SpaceInfo>
            <Floor id="0" name="1F" longname="646644591" baseFloor="1" level="0" />
        </SpaceInfo>
        <ObjectHierarchy>
            <Entity id="0" name="1F" type="Floor" longname="646644591">
                <Entity id="15" name="FACILITY_0_1221232817_0" longname="办公椅1" SPACE="0" type="FACILITY" visible="True" useId="true" position="-0.876655, 0.010000, -0.978479" eular="3.141593, 0.488692, 3.141593" orient="0.241922, 0.000000, 0.970296, 0.000000" scale="0.100000, 0.100000, 0.100000" heightOffset="0.000000" />
                <Entity id="19" name="FACILITY_0_1772368295_0" longname="办公椅1" SPACE="0" type="FACILITY" visible="True" useId="false" position="0.103522, 0.010000, -0.453920" eular="3.141593, 0.488692, 3.141593" orient="0.241922, 0.000000, 0.970296, 0.000000" scale="0.100000, 0.100000, 0.100000" heightOffset="0.000000" />
                <Entity id="3" name="FACILITY_0_1906356152_0" longname="显示器" SPACE="1149143402" type="FACILITY" visible="True" useId="true" position="-1.261607, 0.850000, -0.306419" eular="3.141593, 0.582765, 3.141593" orient="0.287277, 0.000000, 0.957848, 0.000000" scale="0.100000, 0.100000, 0.100000" heightOffset="0.000000" />
                <Entity id="7" name="FACILITY_0_1969377293_0" longname="显示器" SPACE="1149143402" type="FACILITY" visible="True" useId="false" position="-0.307327, 0.850000, 0.264881" eular="3.141593, 0.582765, 3.141593" orient="0.287277, 0.000000, 0.957848, 0.000000" scale="0.100000, 0.100000, 0.100000" heightOffset="0.000000" />
                <Entity id="11" name="FACILITY_0_19858386_0" longname="显示器" SPACE="1149143402" type="FACILITY" visible="True" useId="false" position="0.709323, 0.850000, 0.869361" eular="3.141593, 0.582765, 3.141593" orient="0.287277, 0.000000, 0.957848, 0.000000" scale="0.100000, 0.100000, 0.100000" heightOffset="0.000000" />
                <Entity id="23" name="FACILITY_0_821128333_0" longname="办公椅1" SPACE="0" type="FACILITY" visible="True" useId="false" position="1.110676, 0.010000, 0.106609" eular="3.141593, 0.488692, 3.141593" orient="0.241922, 0.000000, 0.970296, 0.000000" scale="0.100000, 0.100000, 0.100000" heightOffset="0.000000" />
                <Entity id="2" name="MERGED_0_LIBENT15_0" longname="" type="MERGED" visible="True" />
                <Entity id="1" name="MERGED_0_LIBENT77_0" longname="" type="MERGED" visible="True" />
            </Entity>
        </ObjectHierarchy>
    </Building>
</Project>
