<?xml version="1.0" encoding="UTF-8" ?>
<Project>
    <ProjectInfo gkxmlVersion="1.2">
        <Title>zhenengdashaB3</Title>
    </ProjectInfo>
    <Building sourceType="GPL" northAxis="0.000000">
        <EarthReferenceSystem type="WGS84">
            <altitudeMode>relativeToGround</altitudeMode>
            <Location>
                <longitude>30</longitude>
                <latitude>119</latitude>
                <altitude>0</altitude>
            </Location>
            <Orientation>
                <heading>0</heading>
                <tilt>0.0</tilt>
                <roll>0.0</roll>
            </Orientation>
        </EarthReferenceSystem>
        <ExportOptions>
            <Item name="floorMerge" value="false" />
            <Item name="wallMerge" value="true">
                <MergeObjectTypes>WALL,CEILING,COLUMN,SLAB,SPACE,DOOR,WINDOW,STAIR,ELEVATOR,FACILITY</MergeObjectTypes>
            </Item>
        </ExportOptions>
        <Unit>centimeter</Unit>
        <DefaultBuilding>false</DefaultBuilding>
        <DefaultFloor>0</DefaultFloor>
        <Floors>
            <Floor id="0" name="B3" baseFloor="-3" groupID="0" isMain="True">
                <FileSource name=".\zhenengdashaB3_B3_0.sbm" type="SBM" />
                <BoundingBox minimum="-2794.992188, -3.000000, -8595.000977" maximum="14159.997070, 1180.000000, 3699.990723" />
            </Floor>
        </Floors>
        <SpaceInfo>
            <Floor id="0" name="B3" longname="328716494" baseFloor="-3" level="790.000000" />
        </SpaceInfo>
        <ObjectHierarchy>
            <Entity id="0" name="B3" type="Floor" longname="328716494">
                <Entity id="11" name="MERGED_0_LIBENT0_0" longname="" type="MERGED" visible="True" />
                <Entity id="9" name="MERGED_0_LIBENT10_0" longname="" type="MERGED" visible="True" />
                <Entity id="12" name="MERGED_0_LIBENT12_0" longname="" type="MERGED" visible="True" />
                <Entity id="7" name="MERGED_0_LIBENT1_0" longname="" type="MERGED" visible="True" />
                <Entity id="3" name="MERGED_0_LIBENT2_0" longname="" type="MERGED" visible="True" />
                <Entity id="5" name="MERGED_0_LIBENT3_0" longname="" type="MERGED" visible="True" />
                <Entity id="6" name="MERGED_0_LIBENT5_0" longname="" type="MERGED" visible="True" />
                <Entity id="15" name="MERGED_0_LIBENT6_0" longname="" type="MERGED" visible="True" />
                <Entity id="14" name="MERGED_0_LIBENT7_0" longname="" type="MERGED" visible="True" />
                <Entity id="4" name="MERGED_0_LIBENT86_0" longname="" type="MERGED" visible="True" />
                <Entity id="10" name="MERGED_0_LIBENT93_0" longname="" type="MERGED" visible="True" />
                <Entity id="8" name="MERGED_0_LIBENT94_0" longname="" type="MERGED" visible="True" />
                <Entity id="13" name="MERGED_0_LIBENT9_0" longname="" type="MERGED" visible="True" />
            </Entity>
        </ObjectHierarchy>
    </Building>
</Project>
