<?xml version="1.0" encoding="UTF-8" ?>
<Project>
    <ProjectInfo gkxmlVersion="1.2">
        <Title>zhenengdasha_qunfang_2F</Title>
    </ProjectInfo>
    <Building sourceType="GPL" northAxis="0.000000">
        <EarthReferenceSystem type="WGS84">
            <altitudeMode>relativeToGround</altitudeMode>
            <Location>
                <longitude>30</longitude>
                <latitude>119</latitude>
                <altitude>0</altitude>
            </Location>
            <Orientation>
                <heading>0</heading>
                <tilt>0.0</tilt>
                <roll>0.0</roll>
            </Orientation>
        </EarthReferenceSystem>
        <ExportOptions>
            <Item name="floorMerge" value="false" />
            <Item name="wallMerge" value="true">
                <MergeObjectTypes>WALL,CEILING,COLUMN,SLAB,SPACE,DOOR,WINDOW,STAIR,ELEVATOR,FACILITY</MergeObjectTypes>
            </Item>
        </ExportOptions>
        <Unit>centimeter</Unit>
        <DefaultBuilding>false</DefaultBuilding>
        <DefaultFloor>0</DefaultFloor>
        <Floors>
            <Floor id="1" name="2F" baseFloor="-2" groupID="0" isMain="True">
                <FileSource name=".\zhenengdasha_qunfang_2F_2F_1.sbm" type="SBM" />
                <BoundingBox minimum="-1837.025635, -5.387120, -7405.008789" maximum="12814.996094, 1780.000000, 1897.983154" />
            </Floor>
        </Floors>
        <SpaceInfo>
            <Floor id="1" name="2F" longname="892805874" baseFloor="-2" level="1300.000000" />
        </SpaceInfo>
        <ObjectHierarchy>
            <Entity id="1" name="2F" type="Floor" longname="892805874">
                <Entity id="17" name="MERGED_1_LIBENT12_0" longname="" type="MERGED" visible="True" />
                <Entity id="3" name="MERGED_1_LIBENT1_0" longname="" type="MERGED" visible="True" />
                <Entity id="5" name="MERGED_1_LIBENT2_0" longname="" type="MERGED" visible="True" />
                <Entity id="4" name="MERGED_1_LIBENT3_0" longname="" type="MERGED" visible="True" />
                <Entity id="20" name="MERGED_1_LIBENT62_0" longname="" type="MERGED" visible="True" />
                <Entity id="21" name="MERGED_1_LIBENT6_0" longname="" type="MERGED" visible="True" />
                <Entity id="7" name="MERGED_1_LIBENT70_0" longname="" type="MERGED" visible="True" />
                <Entity id="14" name="MERGED_1_LIBENT72_0" longname="" type="MERGED" visible="True" />
                <Entity id="6" name="MERGED_1_LIBENT73_0" longname="" type="MERGED" visible="True" />
                <Entity id="8" name="MERGED_1_LIBENT78_0" longname="" type="MERGED" visible="True" />
                <Entity id="10" name="MERGED_1_LIBENT79_0" longname="" type="MERGED" visible="True" />
                <Entity id="19" name="MERGED_1_LIBENT7_0" longname="" type="MERGED" visible="True" />
                <Entity id="9" name="MERGED_1_LIBENT80_0" longname="" type="MERGED" visible="True" />
                <Entity id="12" name="MERGED_1_LIBENT81_0" longname="" type="MERGED" visible="True" />
                <Entity id="11" name="MERGED_1_LIBENT83_0" longname="" type="MERGED" visible="True" />
                <Entity id="13" name="MERGED_1_LIBENT85_0" longname="" type="MERGED" visible="True" />
                <Entity id="16" name="MERGED_1_LIBENT87_0" longname="" type="MERGED" visible="True" />
                <Entity id="15" name="MERGED_1_LIBENT88_0" longname="" type="MERGED" visible="True" />
                <Entity id="18" name="MERGED_1_LIBENT9_0" longname="" type="MERGED" visible="True" />
                <Entity id="22" name="MERGED_1_sink1/sink1_01_0" longname="" type="MERGED" visible="True" />
                <Entity id="23" name="MERGED_1_sink1/sink1_02_0" longname="" type="MERGED" visible="True" />
                <Entity id="24" name="MERGED_1_sink3/sink3_0" longname="" type="MERGED" visible="True" />
            </Entity>
        </ObjectHierarchy>
    </Building>
</Project>
