<?xml version="1.0" encoding="UTF-8" ?>
<Project>
    <ProjectInfo gkxmlVersion="1.2">
        <Title>zhenengdashaB2</Title>
    </ProjectInfo>
    <Building sourceType="GPL" northAxis="0.000000">
        <EarthReferenceSystem type="WGS84">
            <altitudeMode>relativeToGround</altitudeMode>
            <Location>
                <longitude>30</longitude>
                <latitude>119</latitude>
                <altitude>0</altitude>
            </Location>
            <Orientation>
                <heading>0</heading>
                <tilt>0.0</tilt>
                <roll>0.0</roll>
            </Orientation>
        </EarthReferenceSystem>
        <ExportOptions>
            <Item name="floorMerge" value="false" />
            <Item name="wallMerge" value="true">
                <MergeObjectTypes>WALL,CEILING,COLUMN,SLAB,SPACE,DOOR,WINDOW,STAIR,ELEVATOR,FACILITY</MergeObjectTypes>
            </Item>
        </ExportOptions>
        <Unit>centimeter</Unit>
        <DefaultBuilding>false</DefaultBuilding>
        <DefaultFloor>0</DefaultFloor>
        <Floors>
            <Floor id="1" name="B2" baseFloor="-2" groupID="0" isMain="True">
                <FileSource name=".\zhenengdashaB2_B2_1.sbm" type="SBM" />
                <BoundingBox minimum="-2794.988525, -12.639816, -8595.000000" maximum="14160.000977, 1576.353760, 3699.991943" />
            </Floor>
        </Floors>
        <SpaceInfo>
            <Floor id="1" name="B2" longname="1838989017" baseFloor="-2" level="1180.000000" />
        </SpaceInfo>
        <ObjectHierarchy>
            <Entity id="1" name="B2" type="Floor" longname="1838989017">
                <Entity id="8" name="MERGED_1_LIBENT10_0" longname="" type="MERGED" visible="True" />
                <Entity id="10" name="MERGED_1_LIBENT12_0" longname="" type="MERGED" visible="True" />
                <Entity id="7" name="MERGED_1_LIBENT1_0" longname="" type="MERGED" visible="True" />
                <Entity id="6" name="MERGED_1_LIBENT2_0" longname="" type="MERGED" visible="True" />
                <Entity id="5" name="MERGED_1_LIBENT3_0" longname="" type="MERGED" visible="True" />
                <Entity id="15" name="MERGED_1_LIBENT44_0" longname="" type="MERGED" visible="True" />
                <Entity id="12" name="MERGED_1_LIBENT4_0" longname="" type="MERGED" visible="True" />
                <Entity id="4" name="MERGED_1_LIBENT5_0" longname="" type="MERGED" visible="True" />
                <Entity id="16" name="MERGED_1_LIBENT6_0" longname="" type="MERGED" visible="True" />
                <Entity id="13" name="MERGED_1_LIBENT7_0" longname="" type="MERGED" visible="True" />
                <Entity id="3" name="MERGED_1_LIBENT87_0" longname="" type="MERGED" visible="True" />
                <Entity id="9" name="MERGED_1_LIBENT93_0" longname="" type="MERGED" visible="True" />
                <Entity id="14" name="MERGED_1_LIBENT96_0" longname="" type="MERGED" visible="True" />
                <Entity id="11" name="MERGED_1_LIBENT9_0" longname="" type="MERGED" visible="True" />
                <Entity id="22" name="MERGED_1_Urinal_02/Urinal_02_0" longname="" type="MERGED" visible="True" />
                <Entity id="20" name="MERGED_1_sink1/sink1_01_0" longname="" type="MERGED" visible="True" />
                <Entity id="21" name="MERGED_1_sink1/sink1_02_0" longname="" type="MERGED" visible="True" />
                <Entity id="19" name="MERGED_1_toilet1/_03_0" longname="" type="MERGED" visible="True" />
                <Entity id="17" name="MERGED_1_toilet1/toilet1_01_0" longname="" type="MERGED" visible="True" />
                <Entity id="18" name="MERGED_1_toilet1/toilet1_02_0" longname="" type="MERGED" visible="True" />
            </Entity>
        </ObjectHierarchy>
    </Building>
</Project>
