<?xml version="1.0" encoding="UTF-8" ?>
<Project>
    <ProjectInfo gkxmlVersion="1.2">
        <Title>zhenengdashaB1</Title>
    </ProjectInfo>
    <Building sourceType="GPL" northAxis="0.000000">
        <EarthReferenceSystem type="WGS84">
            <altitudeMode>relativeToGround</altitudeMode>
            <Location>
                <longitude>30</longitude>
                <latitude>119</latitude>
                <altitude>0</altitude>
            </Location>
            <Orientation>
                <heading>0</heading>
                <tilt>0.0</tilt>
                <roll>0.0</roll>
            </Orientation>
        </EarthReferenceSystem>
        <ExportOptions>
            <Item name="floorMerge" value="false" />
            <Item name="wallMerge" value="true">
                <MergeObjectTypes>WALL,CEILING,COLUMN,SLAB,SPACE,DOOR,WINDOW,STAIR,ELEVATOR,FACILITY</MergeObjectTypes>
            </Item>
        </ExportOptions>
        <Unit>centimeter</Unit>
        <DefaultBuilding>false</DefaultBuilding>
        <DefaultFloor>0</DefaultFloor>
        <Floors>
            <Floor id="2" name="B1" baseFloor="-1" groupID="0" isMain="True">
                <FileSource name=".\zhenengdashaB1_B1_2.sbm" type="SBM" />
                <BoundingBox minimum="-2794.993896, -471.176697, -8594.983398" maximum="14159.995117, 2174.000000, 3700.008057" />
            </Floor>
        </Floors>
        <SpaceInfo>
            <Floor id="2" name="B1" longname="1748033963" baseFloor="-1" level="1570.000000" />
        </SpaceInfo>
        <ObjectHierarchy>
            <Entity id="2" name="B1" type="Floor" longname="1748033963">
                <Entity id="19" name="MERGED_2_Ch_FB002/3-Default_0" longname="" type="MERGED" visible="True" />
                <Entity id="20" name="MERGED_2_Ch_FB002/BENE_Chrome_0" longname="" type="MERGED" visible="True" />
                <Entity id="21" name="MERGED_2_Ch_FB002/FABRIC_noise_0" longname="" type="MERGED" visible="True" />
                <Entity id="10" name="MERGED_2_LIBENT0_0" longname="" type="MERGED" visible="True" />
                <Entity id="8" name="MERGED_2_LIBENT10_0" longname="" type="MERGED" visible="True" />
                <Entity id="12" name="MERGED_2_LIBENT12_0" longname="" type="MERGED" visible="True" />
                <Entity id="7" name="MERGED_2_LIBENT1_0" longname="" type="MERGED" visible="True" />
                <Entity id="4" name="MERGED_2_LIBENT2_0" longname="" type="MERGED" visible="True" />
                <Entity id="5" name="MERGED_2_LIBENT3_0" longname="" type="MERGED" visible="True" />
                <Entity id="11" name="MERGED_2_LIBENT44_0" longname="" type="MERGED" visible="True" />
                <Entity id="14" name="MERGED_2_LIBENT4_0" longname="" type="MERGED" visible="True" />
                <Entity id="6" name="MERGED_2_LIBENT5_0" longname="" type="MERGED" visible="True" />
                <Entity id="17" name="MERGED_2_LIBENT69_0" longname="" type="MERGED" visible="True" />
                <Entity id="18" name="MERGED_2_LIBENT6_0" longname="" type="MERGED" visible="True" />
                <Entity id="15" name="MERGED_2_LIBENT7_0" longname="" type="MERGED" visible="True" />
                <Entity id="3" name="MERGED_2_LIBENT91_0" longname="" type="MERGED" visible="True" />
                <Entity id="9" name="MERGED_2_LIBENT93_0" longname="" type="MERGED" visible="True" />
                <Entity id="16" name="MERGED_2_LIBENT96_0" longname="" type="MERGED" visible="True" />
                <Entity id="13" name="MERGED_2_LIBENT9_0" longname="" type="MERGED" visible="True" />
                <Entity id="22" name="MERGED_2_diningtable_ekhard_IKEA/diningtable_ekhard_IKEA11_0" longname="" type="MERGED" visible="True" />
            </Entity>
        </ObjectHierarchy>
    </Building>
</Project>
