<?xml version="1.0" encoding="UTF-8" ?>
<Project>
    <ProjectInfo gkxmlVersion="1.2">
        <Title>zhenengdasha_qunfang_1F_3F</Title>
    </ProjectInfo>
    <Building sourceType="GPL" northAxis="0.000000">
        <EarthReferenceSystem type="WGS84">
            <altitudeMode>relativeToGround</altitudeMode>
            <Location>
                <longitude>30</longitude>
                <latitude>119</latitude>
                <altitude>0</altitude>
            </Location>
            <Orientation>
                <heading>0</heading>
                <tilt>0.0</tilt>
                <roll>0.0</roll>
            </Orientation>
        </EarthReferenceSystem>
        <ExportOptions>
            <Item name="floorMerge" value="false" />
            <Item name="wallMerge" value="true">
                <MergeObjectTypes>WALL,CEILING,COLUMN,SLAB,SPACE,DOOR,WINDOW,STAIR,ELEVATOR,FACILITY</MergeObjectTypes>
            </Item>
        </ExportOptions>
        <Unit>centimeter</Unit>
        <DefaultBuilding>false</DefaultBuilding>
        <DefaultFloor>0</DefaultFloor>
        <Floors>
            <Floor id="0" name="1F" baseFloor="-3" groupID="0" isMain="True">
                <FileSource name=".\zhenengdasha_qunfang_1F_3F_1F_0.sbm" type="SBM" />
                <BoundingBox minimum="-3511.408936, -9.143999, -9173.840820" maximum="14968.947266, 2990.000000, 4121.379883" />
            </Floor>
            <Floor id="1" name="2F" baseFloor="-2" groupID="1" isMain="True">
                <FileSource name=".\zhenengdasha_qunfang_1F_3F_2F_1.sbm" type="SBM" />
                <BoundingBox minimum="-1837.025635, -5.387120, -7405.008789" maximum="12814.996094, 1780.000000, 1897.983154" />
            </Floor>
            <Floor id="2" name="3F" baseFloor="-1" groupID="2" isMain="True">
                <FileSource name=".\zhenengdasha_qunfang_1F_3F_3F_2.sbm" type="SBM" />
                <BoundingBox minimum="-1837.025635, -8.499999, -7395.029785" maximum="12814.996094, 2202.600098, 1897.983154" />
            </Floor>
        </Floors>
        <SpaceInfo>
            <Floor id="0" name="1F" longname="179876921" baseFloor="-3" level="820.000000" />
            <Floor id="1" name="2F" longname="892805874" baseFloor="-2" level="1300.000000" />
            <Floor id="2" name="3F" longname="1326121321" baseFloor="-1" level="1735.000000" />
        </SpaceInfo>
        <ObjectHierarchy>
            <Entity id="0" name="1F" type="Floor" longname="179876921">
                <Entity id="26" name="MERGED_0_Chair_h01/Chair_h0111_0" longname="" type="MERGED" visible="True" />
                <Entity id="27" name="MERGED_0_Chair_h01/Chair_h0111_1" longname="" type="MERGED" visible="True" />
                <Entity id="28" name="MERGED_0_Chair_h01/Chair_h0111_2" longname="" type="MERGED" visible="True" />
                <Entity id="29" name="MERGED_0_Chair_h01/Chair_h0111_3" longname="" type="MERGED" visible="True" />
                <Entity id="30" name="MERGED_0_Chair_h01/Chair_h0111_4" longname="" type="MERGED" visible="True" />
                <Entity id="31" name="MERGED_0_Chair_h01/Chair_h0112_0" longname="" type="MERGED" visible="True" />
                <Entity id="22" name="MERGED_0_LIBENT0_0" longname="" type="MERGED" visible="True" />
                <Entity id="14" name="MERGED_0_LIBENT12_0" longname="" type="MERGED" visible="True" />
                <Entity id="9" name="MERGED_0_LIBENT1_0" longname="" type="MERGED" visible="True" />
                <Entity id="6" name="MERGED_0_LIBENT2_0" longname="" type="MERGED" visible="True" />
                <Entity id="4" name="MERGED_0_LIBENT3_0" longname="" type="MERGED" visible="True" />
                <Entity id="11" name="MERGED_0_LIBENT60_0" longname="" type="MERGED" visible="True" />
                <Entity id="20" name="MERGED_0_LIBENT69_0" longname="" type="MERGED" visible="True" />
                <Entity id="23" name="MERGED_0_LIBENT6_0" longname="" type="MERGED" visible="True" />
                <Entity id="5" name="MERGED_0_LIBENT70_0" longname="" type="MERGED" visible="True" />
                <Entity id="21" name="MERGED_0_LIBENT71_0" longname="" type="MERGED" visible="True" />
                <Entity id="10" name="MERGED_0_LIBENT72_0" longname="" type="MERGED" visible="True" />
                <Entity id="7" name="MERGED_0_LIBENT73_0" longname="" type="MERGED" visible="True" />
                <Entity id="17" name="MERGED_0_LIBENT74_0" longname="" type="MERGED" visible="True" />
                <Entity id="8" name="MERGED_0_LIBENT78_0" longname="" type="MERGED" visible="True" />
                <Entity id="16" name="MERGED_0_LIBENT7_0" longname="" type="MERGED" visible="True" />
                <Entity id="19" name="MERGED_0_LIBENT82_0" longname="" type="MERGED" visible="True" />
                <Entity id="18" name="MERGED_0_LIBENT84_0" longname="" type="MERGED" visible="True" />
                <Entity id="3" name="MERGED_0_LIBENT86_0" longname="" type="MERGED" visible="True" />
                <Entity id="13" name="MERGED_0_LIBENT87_0" longname="" type="MERGED" visible="True" />
                <Entity id="12" name="MERGED_0_LIBENT88_0" longname="" type="MERGED" visible="True" />
                <Entity id="15" name="MERGED_0_LIBENT9_0" longname="" type="MERGED" visible="True" />
                <Entity id="36" name="MERGED_0_RoundTable_001/Ceramic_WH_0" longname="" type="MERGED" visible="True" />
                <Entity id="24" name="MERGED_0_sink1/sink1_01_0" longname="" type="MERGED" visible="True" />
                <Entity id="25" name="MERGED_0_sink1/sink1_02_0" longname="" type="MERGED" visible="True" />
                <Entity id="37" name="MERGED_0_sink2/sink2_01_0" longname="" type="MERGED" visible="True" />
                <Entity id="38" name="MERGED_0_sink2/sink2_02_0" longname="" type="MERGED" visible="True" />
                <Entity id="32" name="MERGED_0_tacgu/tacgu11_0" longname="" type="MERGED" visible="True" />
                <Entity id="33" name="MERGED_0_tacgu/tacgu12_0" longname="" type="MERGED" visible="True" />
                <Entity id="34" name="MERGED_0_tacgu/tacgu13_0" longname="" type="MERGED" visible="True" />
                <Entity id="35" name="MERGED_0_tacgu/tacgu14_0" longname="" type="MERGED" visible="True" />
            </Entity>
            <Entity id="1" name="2F" type="Floor" longname="892805874">
                <Entity id="17" name="MERGED_1_LIBENT12_0" longname="" type="MERGED" visible="True" />
                <Entity id="3" name="MERGED_1_LIBENT1_0" longname="" type="MERGED" visible="True" />
                <Entity id="5" name="MERGED_1_LIBENT2_0" longname="" type="MERGED" visible="True" />
                <Entity id="4" name="MERGED_1_LIBENT3_0" longname="" type="MERGED" visible="True" />
                <Entity id="20" name="MERGED_1_LIBENT47_0" longname="" type="MERGED" visible="True" />
                <Entity id="21" name="MERGED_1_LIBENT6_0" longname="" type="MERGED" visible="True" />
                <Entity id="7" name="MERGED_1_LIBENT70_0" longname="" type="MERGED" visible="True" />
                <Entity id="14" name="MERGED_1_LIBENT72_0" longname="" type="MERGED" visible="True" />
                <Entity id="6" name="MERGED_1_LIBENT73_0" longname="" type="MERGED" visible="True" />
                <Entity id="8" name="MERGED_1_LIBENT78_0" longname="" type="MERGED" visible="True" />
                <Entity id="10" name="MERGED_1_LIBENT79_0" longname="" type="MERGED" visible="True" />
                <Entity id="19" name="MERGED_1_LIBENT7_0" longname="" type="MERGED" visible="True" />
                <Entity id="9" name="MERGED_1_LIBENT80_0" longname="" type="MERGED" visible="True" />
                <Entity id="12" name="MERGED_1_LIBENT81_0" longname="" type="MERGED" visible="True" />
                <Entity id="11" name="MERGED_1_LIBENT83_0" longname="" type="MERGED" visible="True" />
                <Entity id="13" name="MERGED_1_LIBENT85_0" longname="" type="MERGED" visible="True" />
                <Entity id="16" name="MERGED_1_LIBENT87_0" longname="" type="MERGED" visible="True" />
                <Entity id="15" name="MERGED_1_LIBENT88_0" longname="" type="MERGED" visible="True" />
                <Entity id="18" name="MERGED_1_LIBENT9_0" longname="" type="MERGED" visible="True" />
                <Entity id="22" name="MERGED_1_sink1/sink1_01_0" longname="" type="MERGED" visible="True" />
                <Entity id="23" name="MERGED_1_sink1/sink1_02_0" longname="" type="MERGED" visible="True" />
                <Entity id="24" name="MERGED_1_sink3/sink3_0" longname="" type="MERGED" visible="True" />
            </Entity>
            <Entity id="2" name="3F" type="Floor" longname="1326121321">
                <Entity id="20" name="MERGED_2_LIBENT0_0" longname="" type="MERGED" visible="True" />
                <Entity id="16" name="MERGED_2_LIBENT12_0" longname="" type="MERGED" visible="True" />
                <Entity id="3" name="MERGED_2_LIBENT1_0" longname="" type="MERGED" visible="True" />
                <Entity id="5" name="MERGED_2_LIBENT2_0" longname="" type="MERGED" visible="True" />
                <Entity id="4" name="MERGED_2_LIBENT3_0" longname="" type="MERGED" visible="True" />
                <Entity id="19" name="MERGED_2_LIBENT47_0" longname="" type="MERGED" visible="True" />
                <Entity id="21" name="MERGED_2_LIBENT6_0" longname="" type="MERGED" visible="True" />
                <Entity id="6" name="MERGED_2_LIBENT70_0" longname="" type="MERGED" visible="True" />
                <Entity id="13" name="MERGED_2_LIBENT72_0" longname="" type="MERGED" visible="True" />
                <Entity id="7" name="MERGED_2_LIBENT73_0" longname="" type="MERGED" visible="True" />
                <Entity id="8" name="MERGED_2_LIBENT78_0" longname="" type="MERGED" visible="True" />
                <Entity id="11" name="MERGED_2_LIBENT79_0" longname="" type="MERGED" visible="True" />
                <Entity id="18" name="MERGED_2_LIBENT7_0" longname="" type="MERGED" visible="True" />
                <Entity id="10" name="MERGED_2_LIBENT81_0" longname="" type="MERGED" visible="True" />
                <Entity id="9" name="MERGED_2_LIBENT83_0" longname="" type="MERGED" visible="True" />
                <Entity id="12" name="MERGED_2_LIBENT85_0" longname="" type="MERGED" visible="True" />
                <Entity id="15" name="MERGED_2_LIBENT87_0" longname="" type="MERGED" visible="True" />
                <Entity id="14" name="MERGED_2_LIBENT88_0" longname="" type="MERGED" visible="True" />
                <Entity id="17" name="MERGED_2_LIBENT9_0" longname="" type="MERGED" visible="True" />
                <Entity id="26" name="MERGED_2_sink1/sink1_01_0" longname="" type="MERGED" visible="True" />
                <Entity id="27" name="MERGED_2_sink1/sink1_02_0" longname="" type="MERGED" visible="True" />
                <Entity id="22" name="MERGED_2_washer01/washer0112_0" longname="" type="MERGED" visible="True" />
                <Entity id="23" name="MERGED_2_washer01/washer0113_0" longname="" type="MERGED" visible="True" />
                <Entity id="24" name="MERGED_2_washer01/washer0114_0" longname="" type="MERGED" visible="True" />
                <Entity id="25" name="MERGED_2_washer01/washer0115_0" longname="" type="MERGED" visible="True" />
            </Entity>
        </ObjectHierarchy>
    </Building>
</Project>
