<?xml version="1.0" encoding="UTF-8" ?>
<Project>
    <ProjectInfo gkxmlVersion="1.2">
        <Title>LZZ_B2_01</Title>
    </ProjectInfo>
    <Building sourceType="GPL" northAxis="0">
        <EarthReferenceSystem type="WGS84">
            <altitudeMode>relativeToGround</altitudeMode>
            <Location>
                <longitude>30</longitude>
                <latitude>119</latitude>
                <altitude>0</altitude>
            </Location>
            <Orientation>
                <heading>0</heading>
                <tilt>0.0</tilt>
                <roll>0.0</roll>
            </Orientation>
        </EarthReferenceSystem>
        <ExportOptions>
            <Item name="floorMerge" value="false" />
            <Item name="wallMerge" value="true">
                <MergeObjectTypes>WALL,CEILING,COLUMN,SLAB,SPACE,DOOR,WINDOW,STAIR,ELEVATOR</MergeObjectTypes>
            </Item>
        </ExportOptions>
        <Unit>centimeter</Unit>
        <DefaultBuilding>false</DefaultBuilding>
        <DefaultFloor>0</DefaultFloor>
        <Floors>
            <Floor id="0" name="B1" baseFloor="-1" groupID="0" isMain="True">
                <FileSource name=".\LZZ_B2_01_B1_0.sbm" type="SBM" />
                <BoundingBox minimum="-101.000000, -500.000000, -4559.896484" maximum="40582.421875, 397.609070, 5607.566406" />
            </Floor>
        </Floors>
        <SpaceInfo>
            <Floor id="0" name="B1" longname="1644126541" baseFloor="-1" level="-300" />
        </SpaceInfo>
        <ObjectHierarchy>
            <Entity id="0" name="B1" type="Floor" longname="1644126541">
                <Entity id="8" name="MERGED_0_LIBENT0_0" longname="" type="MERGED" visible="True" />
                <Entity id="1" name="MERGED_0_LIBENT1013_0" longname="" type="MERGED" visible="True" />
                <Entity id="10" name="MERGED_0_LIBENT10_0" longname="" type="MERGED" visible="True" />
                <Entity id="7" name="MERGED_0_LIBENT11_0" longname="" type="MERGED" visible="True" />
                <Entity id="5" name="MERGED_0_LIBENT12_0" longname="" type="MERGED" visible="True" />
                <Entity id="9" name="MERGED_0_LIBENT15_0" longname="" type="MERGED" visible="True" />
                <Entity id="4" name="MERGED_0_LIBENT1_0" longname="" type="MERGED" visible="True" />
                <Entity id="3" name="MERGED_0_LIBENT2_0" longname="" type="MERGED" visible="True" />
                <Entity id="13" name="MERGED_0_LIBENT302_0" longname="" type="MERGED" visible="True" />
                <Entity id="2" name="MERGED_0_LIBENT3_0" longname="" type="MERGED" visible="True" />
                <Entity id="16" name="MERGED_0_LIBENT7_0" longname="" type="MERGED" visible="True" />
                <Entity id="15" name="MERGED_0_LIBENT935_0" longname="" type="MERGED" visible="True" />
                <Entity id="12" name="MERGED_0_LIBENT941_0" longname="" type="MERGED" visible="True" />
                <Entity id="11" name="MERGED_0_LIBENT942_0" longname="" type="MERGED" visible="True" />
                <Entity id="6" name="MERGED_0_LIBENT944_0" longname="" type="MERGED" visible="True" />
                <Entity id="14" name="MERGED_0_LIBENT965_0" longname="" type="MERGED" visible="True" />
                <Entity id="18" name="MERGED_0_LIBENT996_0" longname="" type="MERGED" visible="True" />
                <Entity id="17" name="MERGED_0_LIBENT997_0" longname="" type="MERGED" visible="True" />
            </Entity>
        </ObjectHierarchy>
    </Building>
</Project>
