<?xml version="1.0" encoding="UTF-8" ?>
<Project>
    <ProjectInfo gkxmlVersion="1.2">
        <Title>恒生科技园区</Title>
    </ProjectInfo>
    <Building sourceType="GPL" northAxis="0.000000">
        <EarthReferenceSystem type="WGS84">
            <altitudeMode>relativeToGround</altitudeMode>
            <Location>
                <longitude>30</longitude>
                <latitude>118.9994431</latitude>
                <altitude>0</altitude>
            </Location>
            <Orientation>
                <heading>0</heading>
                <tilt>0.0</tilt>
                <roll>0.0</roll>
            </Orientation>
        </EarthReferenceSystem>
        <ExportOptions>
            <Item name="floorMerge" value="false" />
            <Item name="wallMerge" value="true">
                <MergeObjectTypes>WALL,CEILING,COLUMN,SLAB,SPACE,DOOR,WINDOW,STAIR,ELEVATOR,FACILITY</MergeObjectTypes>
            </Item>
        </ExportOptions>
        <Unit>centimeter</Unit>
        <DefaultBuilding>false</DefaultBuilding>
        <DefaultFloor>0</DefaultFloor>
        <Floors>
            <Floor id="0" name="1F" baseFloor="1" groupID="0" isMain="True">
                <FileSource name=".\恒生科技园区_1F_0.sbm" type="SBM" />
                <BoundingBox minimum="-3008.467285, -87.731453, -2564.660400" maximum="2449.457520, 8860.976563, 2854.130371" />
            </Floor>
            <Floor id="1" name="2F" baseFloor="2" groupID="1" isMain="True">
                <FileSource name=".\恒生科技园区_2F_1.sbm" type="SBM" />
                <BoundingBox minimum="-2330.218750, -3.000000, -1675.693970" maximum="1872.625854, 800.000000, 2327.605469" />
            </Floor>
            <Floor id="2" name="3F" baseFloor="3" groupID="2" isMain="True">
                <FileSource name=".\恒生科技园区_3F_2.sbm" type="SBM" />
                <BoundingBox minimum="-2330.210449, -668.621094, -1675.680420" maximum="1872.625854, 2121.000000, 2327.618896" />
            </Floor>
            <Floor id="3" name="4F" baseFloor="4" groupID="3" isMain="True">
                <FileSource name=".\恒生科技园区_4F_3.sbm" type="SBM" />
                <BoundingBox minimum="-2330.210449, -3.000000, -1576.779907" maximum="1872.625854, 1610.000000, 2227.685303" />
            </Floor>
            <Floor id="4" name="5F" baseFloor="5" groupID="4" isMain="True">
                <FileSource name=".\恒生科技园区_5F_4.sbm" type="SBM" />
                <BoundingBox minimum="-1393.003540, -3.000000, -1631.287109" maximum="1423.655762, 2020.000000, 2274.441895" />
            </Floor>
        </Floors>
        <SpaceInfo>
            <Floor id="0" name="1F" longname="1604969364" baseFloor="1" level="0.000000" />
            <Floor id="1" name="2F" longname="976014672" baseFloor="2" level="400.000000" />
            <Floor id="2" name="3F" longname="1400356689" baseFloor="3" level="800.000000" />
            <Floor id="3" name="4F" longname="18247160" baseFloor="4" level="1200.000000" />
            <Floor id="4" name="5F" longname="1553042813" baseFloor="5" level="1600.000000" />
        </SpaceInfo>
        <ObjectHierarchy>
            <Entity id="0" name="1F" type="Floor" longname="1604969364">
                <Entity id="7" name="MERGED_0_LIBENT0_0" longname="" type="MERGED" visible="True" />
                <Entity id="15" name="MERGED_0_LIBENT10_0" longname="" type="MERGED" visible="True" />
                <Entity id="14" name="MERGED_0_LIBENT11_0" longname="" type="MERGED" visible="True" />
                <Entity id="19" name="MERGED_0_LIBENT12_0" longname="" type="MERGED" visible="True" />
                <Entity id="10" name="MERGED_0_LIBENT1_0" longname="" type="MERGED" visible="True" />
                <Entity id="6" name="MERGED_0_LIBENT2_0" longname="" type="MERGED" visible="True" />
                <Entity id="23" name="MERGED_0_LIBENT38_0" longname="" type="MERGED" visible="True" />
                <Entity id="12" name="MERGED_0_LIBENT39_0" longname="" type="MERGED" visible="True" />
                <Entity id="8" name="MERGED_0_LIBENT3_0" longname="" type="MERGED" visible="True" />
                <Entity id="13" name="MERGED_0_LIBENT40_0" longname="" type="MERGED" visible="True" />
                <Entity id="5" name="MERGED_0_LIBENT41_0" longname="" type="MERGED" visible="True" />
                <Entity id="9" name="MERGED_0_LIBENT43_0" longname="" type="MERGED" visible="True" />
                <Entity id="11" name="MERGED_0_LIBENT49_0" longname="" type="MERGED" visible="True" />
                <Entity id="22" name="MERGED_0_LIBENT4_0" longname="" type="MERGED" visible="True" />
                <Entity id="25" name="MERGED_0_LIBENT54_0" longname="" type="MERGED" visible="True" />
                <Entity id="21" name="MERGED_0_LIBENT5_0" longname="" type="MERGED" visible="True" />
                <Entity id="24" name="MERGED_0_LIBENT60_0" longname="" type="MERGED" visible="True" />
                <Entity id="16" name="MERGED_0_LIBENT71_0" longname="" type="MERGED" visible="True" />
                <Entity id="18" name="MERGED_0_LIBENT72_0" longname="" type="MERGED" visible="True" />
                <Entity id="17" name="MERGED_0_LIBENT7_0" longname="" type="MERGED" visible="True" />
                <Entity id="20" name="MERGED_0_LIBENT9_0" longname="" type="MERGED" visible="True" />
                <Entity id="38" name="MERGED_0_TableSet_01/TableSet_01_Braun_0" longname="" type="MERGED" visible="True" />
                <Entity id="40" name="MERGED_0_TableSet_01/TableSet_01_FabricBk_0" longname="" type="MERGED" visible="True" />
                <Entity id="41" name="MERGED_0_TableSet_01/TableSet_01_FabricI_0" longname="" type="MERGED" visible="True" />
                <Entity id="39" name="MERGED_0_TableSet_01/TableSet_01_FabricP_0" longname="" type="MERGED" visible="True" />
                <Entity id="35" name="MERGED_0_TableSet_01/TableSet_01_FabricR_0" longname="" type="MERGED" visible="True" />
                <Entity id="36" name="MERGED_0_TableSet_01/TableSet_01_FabricY_0" longname="" type="MERGED" visible="True" />
                <Entity id="37" name="MERGED_0_TableSet_01/TableSet_01_Metal_0" longname="" type="MERGED" visible="True" />
                <Entity id="34" name="MERGED_0_TableSet_01/TableSet_01_Wood_0" longname="" type="MERGED" visible="True" />
                <Entity id="43" name="MERGED_0_Table_001/Matal_Sus_0" longname="" type="MERGED" visible="True" />
                <Entity id="42" name="MERGED_0_Table_001/Wood_Table_0" longname="" type="MERGED" visible="True" />
                <Entity id="26" name="MERGED_0_Tree01/Tree01_01_0" longname="" type="MERGED" visible="True" />
                <Entity id="27" name="MERGED_0_Tree01/Tree01_02_0" longname="" type="MERGED" visible="True" />
                <Entity id="28" name="MERGED_0_Tree01/Tree01_03_0" longname="" type="MERGED" visible="True" />
                <Entity id="29" name="MERGED_0_Tree01/Tree01_04_0" longname="" type="MERGED" visible="True" />
                <Entity id="30" name="MERGED_0_Tree01/Tree01_04_1" longname="" type="MERGED" visible="True" />
                <Entity id="31" name="MERGED_0_Tree01/Tree01_04_2" longname="" type="MERGED" visible="True" />
                <Entity id="32" name="MERGED_0_Tree01/Tree01_05_0" longname="" type="MERGED" visible="True" />
                <Entity id="33" name="MERGED_0_Tree01/Tree01_05_1" longname="" type="MERGED" visible="True" />
            </Entity>
            <Entity id="1" name="2F" type="Floor" longname="976014672">
                <Entity id="5" name="MERGED_1_LIBENT0_0" longname="" type="MERGED" visible="True" />
                <Entity id="14" name="MERGED_1_LIBENT10_0" longname="" type="MERGED" visible="True" />
                <Entity id="15" name="MERGED_1_LIBENT12_0" longname="" type="MERGED" visible="True" />
                <Entity id="12" name="MERGED_1_LIBENT1_0" longname="" type="MERGED" visible="True" />
                <Entity id="7" name="MERGED_1_LIBENT2_0" longname="" type="MERGED" visible="True" />
                <Entity id="21" name="MERGED_1_LIBENT37_0" longname="" type="MERGED" visible="True" />
                <Entity id="19" name="MERGED_1_LIBENT38_0" longname="" type="MERGED" visible="True" />
                <Entity id="13" name="MERGED_1_LIBENT39_0" longname="" type="MERGED" visible="True" />
                <Entity id="10" name="MERGED_1_LIBENT3_0" longname="" type="MERGED" visible="True" />
                <Entity id="9" name="MERGED_1_LIBENT41_0" longname="" type="MERGED" visible="True" />
                <Entity id="8" name="MERGED_1_LIBENT44_0" longname="" type="MERGED" visible="True" />
                <Entity id="18" name="MERGED_1_LIBENT4_0" longname="" type="MERGED" visible="True" />
                <Entity id="11" name="MERGED_1_LIBENT52_0" longname="" type="MERGED" visible="True" />
                <Entity id="17" name="MERGED_1_LIBENT5_0" longname="" type="MERGED" visible="True" />
                <Entity id="20" name="MERGED_1_LIBENT7_0" longname="" type="MERGED" visible="True" />
                <Entity id="6" name="MERGED_1_LIBENT81_0" longname="" type="MERGED" visible="True" />
                <Entity id="16" name="MERGED_1_LIBENT9_0" longname="" type="MERGED" visible="True" />
            </Entity>
            <Entity id="2" name="3F" type="Floor" longname="1400356689">
                <Entity id="82" name="MERGED_2_01-Default_0" longname="" type="MERGED" visible="True" />
                <Entity id="88" name="MERGED_2_02-Default_0" longname="" type="MERGED" visible="True" />
                <Entity id="84" name="MERGED_2_03-Default_0" longname="" type="MERGED" visible="True" />
                <Entity id="83" name="MERGED_2_04-Default_0" longname="" type="MERGED" visible="True" />
                <Entity id="77" name="MERGED_2_09-Default_0" longname="" type="MERGED" visible="True" />
                <Entity id="80" name="MERGED_2_10-Default_0" longname="" type="MERGED" visible="True" />
                <Entity id="75" name="MERGED_2_12-Default_0" longname="" type="MERGED" visible="True" />
                <Entity id="54" name="MERGED_2_ChairOffice_01/ChairOffice_01_01_0" longname="" type="MERGED" visible="True" />
                <Entity id="55" name="MERGED_2_ChairOffice_01/ChairOffice_01_02_0" longname="" type="MERGED" visible="True" />
                <Entity id="56" name="MERGED_2_ChairOffice_01/ChairOffice_01_03_0" longname="" type="MERGED" visible="True" />
                <Entity id="57" name="MERGED_2_ChairOffice_01/ChairOffice_01_03_1" longname="" type="MERGED" visible="True" />
                <Entity id="58" name="MERGED_2_ChairOffice_01/ChairOffice_01_03_2" longname="" type="MERGED" visible="True" />
                <Entity id="59" name="MERGED_2_ChairOffice_01/ChairOffice_01_04_0" longname="" type="MERGED" visible="True" />
                <Entity id="60" name="MERGED_2_ChairOffice_01/ChairOffice_01_04_1" longname="" type="MERGED" visible="True" />
                <Entity id="61" name="MERGED_2_ChairOffice_01/ChairOffice_01_04_2" longname="" type="MERGED" visible="True" />
                <Entity id="62" name="MERGED_2_ChairOffice_01/ChairOffice_01_04_3" longname="" type="MERGED" visible="True" />
                <Entity id="63" name="MERGED_2_ChairOffice_01/ChairOffice_01_04_4" longname="" type="MERGED" visible="True" />
                <Entity id="12" name="MERGED_2_LIBENT0_0" longname="" type="MERGED" visible="True" />
                <Entity id="18" name="MERGED_2_LIBENT10_0" longname="" type="MERGED" visible="True" />
                <Entity id="17" name="MERGED_2_LIBENT11_0" longname="" type="MERGED" visible="True" />
                <Entity id="21" name="MERGED_2_LIBENT12_0" longname="" type="MERGED" visible="True" />
                <Entity id="39" name="MERGED_2_LIBENT15_0" longname="" type="MERGED" visible="True" />
                <Entity id="5" name="MERGED_2_LIBENT1_0" longname="" type="MERGED" visible="True" />
                <Entity id="44" name="MERGED_2_LIBENT24_0" longname="" type="MERGED" visible="True" />
                <Entity id="14" name="MERGED_2_LIBENT25_0" longname="" type="MERGED" visible="True" />
                <Entity id="36" name="MERGED_2_LIBENT26_0" longname="" type="MERGED" visible="True" />
                <Entity id="45" name="MERGED_2_LIBENT27_0" longname="" type="MERGED" visible="True" />
                <Entity id="48" name="MERGED_2_LIBENT28_0" longname="" type="MERGED" visible="True" />
                <Entity id="9" name="MERGED_2_LIBENT2_0" longname="" type="MERGED" visible="True" />
                <Entity id="43" name="MERGED_2_LIBENT30_0" longname="" type="MERGED" visible="True" />
                <Entity id="34" name="MERGED_2_LIBENT31_0" longname="" type="MERGED" visible="True" />
                <Entity id="35" name="MERGED_2_LIBENT32_0" longname="" type="MERGED" visible="True" />
                <Entity id="20" name="MERGED_2_LIBENT33_0" longname="" type="MERGED" visible="True" />
                <Entity id="30" name="MERGED_2_LIBENT35_0" longname="" type="MERGED" visible="True" />
                <Entity id="38" name="MERGED_2_LIBENT36_0" longname="" type="MERGED" visible="True" />
                <Entity id="7" name="MERGED_2_LIBENT37_0" longname="" type="MERGED" visible="True" />
                <Entity id="25" name="MERGED_2_LIBENT38_0" longname="" type="MERGED" visible="True" />
                <Entity id="13" name="MERGED_2_LIBENT39_0" longname="" type="MERGED" visible="True" />
                <Entity id="8" name="MERGED_2_LIBENT3_0" longname="" type="MERGED" visible="True" />
                <Entity id="6" name="MERGED_2_LIBENT41_0" longname="" type="MERGED" visible="True" />
                <Entity id="10" name="MERGED_2_LIBENT45_0" longname="" type="MERGED" visible="True" />
                <Entity id="16" name="MERGED_2_LIBENT4_0" longname="" type="MERGED" visible="True" />
                <Entity id="11" name="MERGED_2_LIBENT50_0" longname="" type="MERGED" visible="True" />
                <Entity id="23" name="MERGED_2_LIBENT5_0" longname="" type="MERGED" visible="True" />
                <Entity id="46" name="MERGED_2_LIBENT61_0" longname="" type="MERGED" visible="True" />
                <Entity id="37" name="MERGED_2_LIBENT62_0" longname="" type="MERGED" visible="True" />
                <Entity id="42" name="MERGED_2_LIBENT63_0" longname="" type="MERGED" visible="True" />
                <Entity id="40" name="MERGED_2_LIBENT64_0" longname="" type="MERGED" visible="True" />
                <Entity id="19" name="MERGED_2_LIBENT65_0" longname="" type="MERGED" visible="True" />
                <Entity id="27" name="MERGED_2_LIBENT66_0" longname="" type="MERGED" visible="True" />
                <Entity id="47" name="MERGED_2_LIBENT67_0" longname="" type="MERGED" visible="True" />
                <Entity id="33" name="MERGED_2_LIBENT68_0" longname="" type="MERGED" visible="True" />
                <Entity id="31" name="MERGED_2_LIBENT69_0" longname="" type="MERGED" visible="True" />
                <Entity id="53" name="MERGED_2_LIBENT6_0" longname="" type="MERGED" visible="True" />
                <Entity id="24" name="MERGED_2_LIBENT70_0" longname="" type="MERGED" visible="True" />
                <Entity id="29" name="MERGED_2_LIBENT74_0" longname="" type="MERGED" visible="True" />
                <Entity id="50" name="MERGED_2_LIBENT75_0" longname="" type="MERGED" visible="True" />
                <Entity id="26" name="MERGED_2_LIBENT77_0" longname="" type="MERGED" visible="True" />
                <Entity id="15" name="MERGED_2_LIBENT78_0" longname="" type="MERGED" visible="True" />
                <Entity id="28" name="MERGED_2_LIBENT7_0" longname="" type="MERGED" visible="True" />
                <Entity id="49" name="MERGED_2_LIBENT82_0" longname="" type="MERGED" visible="True" />
                <Entity id="41" name="MERGED_2_LIBENT83_0" longname="" type="MERGED" visible="True" />
                <Entity id="51" name="MERGED_2_LIBENT84_0" longname="" type="MERGED" visible="True" />
                <Entity id="32" name="MERGED_2_LIBENT85_0" longname="" type="MERGED" visible="True" />
                <Entity id="52" name="MERGED_2_LIBENT86_0" longname="" type="MERGED" visible="True" />
                <Entity id="22" name="MERGED_2_LIBENT9_0" longname="" type="MERGED" visible="True" />
                <Entity id="68" name="MERGED_2_Material#39_0" longname="" type="MERGED" visible="True" />
                <Entity id="85" name="MERGED_2_Material#465_0" longname="" type="MERGED" visible="True" />
                <Entity id="86" name="MERGED_2_Material#477_0" longname="" type="MERGED" visible="True" />
                <Entity id="81" name="MERGED_2_Material#503_0" longname="" type="MERGED" visible="True" />
                <Entity id="79" name="MERGED_2_Material#516_0" longname="" type="MERGED" visible="True" />
                <Entity id="87" name="MERGED_2_Material#520_0" longname="" type="MERGED" visible="True" />
                <Entity id="78" name="MERGED_2_Material#667_0" longname="" type="MERGED" visible="True" />
                <Entity id="64" name="MERGED_2_Monitor_PCBank/Monitor_PCBank11_0" longname="" type="MERGED" visible="True" />
                <Entity id="65" name="MERGED_2_Monitor_PCBank/Monitor_PCBank12_0" longname="" type="MERGED" visible="True" />
                <Entity id="66" name="MERGED_2_Monitor_PCBank/Monitor_PCBank13_0" longname="" type="MERGED" visible="True" />
                <Entity id="67" name="MERGED_2_Monitor_PCBank/Monitor_PCBank14_0" longname="" type="MERGED" visible="True" />
                <Entity id="76" name="MERGED_2_NoMaterial_0" longname="" type="MERGED" visible="True" />
                <Entity id="73" name="MERGED_2_Toilet_PDpart01/Toilet_PDoor01_01_0" longname="" type="MERGED" visible="True" />
                <Entity id="74" name="MERGED_2_Toilet_PDpart01/Toilet_PDoor01_02_0" longname="" type="MERGED" visible="True" />
                <Entity id="69" name="MERGED_2_Urinal_02/Urinal_02_0" longname="" type="MERGED" visible="True" />
                <Entity id="70" name="MERGED_2_sink2/sink2_01_0" longname="" type="MERGED" visible="True" />
                <Entity id="71" name="MERGED_2_sink2/sink2_02_0" longname="" type="MERGED" visible="True" />
                <Entity id="72" name="MERGED_2_toilet4/toilet4_0" longname="" type="MERGED" visible="True" />
            </Entity>
            <Entity id="3" name="4F" type="Floor" longname="18247160">
                <Entity id="8" name="MERGED_3_LIBENT0_0" longname="" type="MERGED" visible="True" />
                <Entity id="14" name="MERGED_3_LIBENT10_0" longname="" type="MERGED" visible="True" />
                <Entity id="13" name="MERGED_3_LIBENT11_0" longname="" type="MERGED" visible="True" />
                <Entity id="15" name="MERGED_3_LIBENT12_0" longname="" type="MERGED" visible="True" />
                <Entity id="11" name="MERGED_3_LIBENT1_0" longname="" type="MERGED" visible="True" />
                <Entity id="6" name="MERGED_3_LIBENT21_0" longname="" type="MERGED" visible="True" />
                <Entity id="9" name="MERGED_3_LIBENT2_0" longname="" type="MERGED" visible="True" />
                <Entity id="19" name="MERGED_3_LIBENT38_0" longname="" type="MERGED" visible="True" />
                <Entity id="7" name="MERGED_3_LIBENT3_0" longname="" type="MERGED" visible="True" />
                <Entity id="5" name="MERGED_3_LIBENT41_0" longname="" type="MERGED" visible="True" />
                <Entity id="10" name="MERGED_3_LIBENT44_0" longname="" type="MERGED" visible="True" />
                <Entity id="18" name="MERGED_3_LIBENT4_0" longname="" type="MERGED" visible="True" />
                <Entity id="17" name="MERGED_3_LIBENT5_0" longname="" type="MERGED" visible="True" />
                <Entity id="12" name="MERGED_3_LIBENT79_0" longname="" type="MERGED" visible="True" />
                <Entity id="20" name="MERGED_3_LIBENT7_0" longname="" type="MERGED" visible="True" />
                <Entity id="16" name="MERGED_3_LIBENT9_0" longname="" type="MERGED" visible="True" />
            </Entity>
            <Entity id="4" name="5F" type="Floor" longname="1553042813">
                <Entity id="14" name="MERGED_4_LIBENT0_0" longname="" type="MERGED" visible="True" />
                <Entity id="13" name="MERGED_4_LIBENT10_0" longname="" type="MERGED" visible="True" />
                <Entity id="15" name="MERGED_4_LIBENT12_0" longname="" type="MERGED" visible="True" />
                <Entity id="5" name="MERGED_4_LIBENT1_0" longname="" type="MERGED" visible="True" />
                <Entity id="6" name="MERGED_4_LIBENT21_0" longname="" type="MERGED" visible="True" />
                <Entity id="8" name="MERGED_4_LIBENT2_0" longname="" type="MERGED" visible="True" />
                <Entity id="18" name="MERGED_4_LIBENT38_0" longname="" type="MERGED" visible="True" />
                <Entity id="7" name="MERGED_4_LIBENT3_0" longname="" type="MERGED" visible="True" />
                <Entity id="9" name="MERGED_4_LIBENT41_0" longname="" type="MERGED" visible="True" />
                <Entity id="10" name="MERGED_4_LIBENT43_0" longname="" type="MERGED" visible="True" />
                <Entity id="17" name="MERGED_4_LIBENT4_0" longname="" type="MERGED" visible="True" />
                <Entity id="12" name="MERGED_4_LIBENT5_0" longname="" type="MERGED" visible="True" />
                <Entity id="11" name="MERGED_4_LIBENT80_0" longname="" type="MERGED" visible="True" />
                <Entity id="16" name="MERGED_4_LIBENT9_0" longname="" type="MERGED" visible="True" />
            </Entity>
        </ObjectHierarchy>
    </Building>
</Project>
