<?xml version="1.0" encoding="UTF-8" ?>
<Project>
    <ProjectInfo gkxmlVersion="1.2">
        <Title>zhenengdasha_talou_4F_10F</Title>
    </ProjectInfo>
    <Building sourceType="GPL" northAxis="0.000000">
        <EarthReferenceSystem type="WGS84">
            <altitudeMode>relativeToGround</altitudeMode>
            <Location>
                <longitude>30</longitude>
                <latitude>119</latitude>
                <altitude>0</altitude>
            </Location>
            <Orientation>
                <heading>0</heading>
                <tilt>0.0</tilt>
                <roll>0.0</roll>
            </Orientation>
        </EarthReferenceSystem>
        <ExportOptions>
            <Item name="floorMerge" value="false" />
            <Item name="wallMerge" value="true">
                <MergeObjectTypes>WALL,CEILING,COLUMN,SLAB,SPACE,DOOR,WINDOW,STAIR,ELEVATOR,FACILITY</MergeObjectTypes>
            </Item>
        </ExportOptions>
        <Unit>centimeter</Unit>
        <DefaultBuilding>false</DefaultBuilding>
        <DefaultFloor>0</DefaultFloor>
        <Floors>
            <Floor id="0" name="4F" baseFloor="-2" groupID="0" isMain="True">
                <FileSource name=".\zhenengdasha_talou_4F_10F_4F_0.sbm" type="SBM" />
                <BoundingBox minimum="-1834.995850, -2.100000, -7397.540039" maximum="12815.293945, 1856.774902, 1898.419067" />
            </Floor>
            <Floor id="1" name="5F" baseFloor="-1" groupID="1" isMain="True">
                <FileSource name=".\zhenengdasha_talou_4F_10F_5F_1.sbm" type="SBM" />
                <BoundingBox minimum="-1834.995850, -163.088043, -7397.540039" maximum="12815.293945, 2760.000000, 1898.419067" />
            </Floor>
            <Floor id="2" name="6F" baseFloor="1" groupID="2" isMain="True">
                <FileSource name=".\zhenengdasha_talou_4F_10F_6F_2.sbm" type="SBM" />
                <BoundingBox minimum="-1834.995850, -163.088043, -7397.540039" maximum="12814.996094, 2676.774902, 1898.419067" />
            </Floor>
            <Floor id="3" name="7F" baseFloor="2" groupID="3" isMain="True">
                <FileSource name=".\zhenengdasha_talou_4F_10F_7F_3.sbm" type="SBM" />
                <BoundingBox minimum="-1834.995850, -2.100000, -7397.540039" maximum="12814.996094, 3086.774902, 1898.419067" />
            </Floor>
            <Floor id="4" name="8F" baseFloor="3" groupID="4" isMain="True">
                <FileSource name=".\zhenengdasha_talou_4F_10F_8F_4.sbm" type="SBM" />
                <BoundingBox minimum="-1834.995850, -8.499999, -7397.540039" maximum="12814.996094, 3496.774902, 1900.466919" />
            </Floor>
            <Floor id="5" name="9F" baseFloor="4" groupID="5" isMain="True">
                <FileSource name=".\zhenengdasha_talou_4F_10F_9F_5.sbm" type="SBM" />
                <BoundingBox minimum="-1834.995850, -2.100000, -7397.540039" maximum="12814.996094, 3906.774902, 1900.466919" />
            </Floor>
            <Floor id="6" name="10F" baseFloor="5" groupID="6" isMain="True">
                <FileSource name=".\zhenengdasha_talou_4F_10F_10F_6.sbm" type="SBM" />
                <BoundingBox minimum="-1834.995850, -163.088043, -7397.540039" maximum="12814.996094, 4316.774902, 1923.214355" />
            </Floor>
            <Floor id="7" name="Ding" baseFloor="6" groupID="7" isMain="True">
                <FileSource name=".\zhenengdasha_talou_4F_10F_Ding_7.sbm" type="SBM" />
                <BoundingBox minimum="-1834.995850, -2.100000, -7397.540039" maximum="12814.996094, 4660.000000, 1902.772339" />
            </Floor>
        </Floors>
        <SpaceInfo>
            <Floor id="0" name="4F" longname="1049226320" baseFloor="-2" level="1350.000000" />
            <Floor id="1" name="5F" longname="853449728" baseFloor="-1" level="1760.000000" />
            <Floor id="2" name="6F" longname="167915596" baseFloor="1" level="2170.000000" />
            <Floor id="3" name="7F" longname="97375230" baseFloor="2" level="2580.000000" />
            <Floor id="4" name="8F" longname="1561895028" baseFloor="3" level="2990.000000" />
            <Floor id="5" name="9F" longname="277267391" baseFloor="4" level="3400.000000" />
            <Floor id="6" name="10F" longname="1855417883" baseFloor="5" level="3810.000000" />
            <Floor id="7" name="Ding" longname="1116257044" baseFloor="6" level="4220.000000" />
        </SpaceInfo>
        <ObjectHierarchy>
            <Entity id="0" name="4F" type="Floor" longname="1049226320">
                <Entity id="18" name="MERGED_0_LIBENT0_0" longname="" type="MERGED" visible="True" />
                <Entity id="22" name="MERGED_0_LIBENT12_0" longname="" type="MERGED" visible="True" />
                <Entity id="20" name="MERGED_0_LIBENT18_0" longname="" type="MERGED" visible="True" />
                <Entity id="8" name="MERGED_0_LIBENT1_0" longname="" type="MERGED" visible="True" />
                <Entity id="11" name="MERGED_0_LIBENT2_0" longname="" type="MERGED" visible="True" />
                <Entity id="9" name="MERGED_0_LIBENT3_0" longname="" type="MERGED" visible="True" />
                <Entity id="24" name="MERGED_0_LIBENT5_0" longname="" type="MERGED" visible="True" />
                <Entity id="27" name="MERGED_0_LIBENT6_0" longname="" type="MERGED" visible="True" />
                <Entity id="12" name="MERGED_0_LIBENT70_0" longname="" type="MERGED" visible="True" />
                <Entity id="15" name="MERGED_0_LIBENT72_0" longname="" type="MERGED" visible="True" />
                <Entity id="10" name="MERGED_0_LIBENT73_0" longname="" type="MERGED" visible="True" />
                <Entity id="14" name="MERGED_0_LIBENT75_0" longname="" type="MERGED" visible="True" />
                <Entity id="13" name="MERGED_0_LIBENT79_0" longname="" type="MERGED" visible="True" />
                <Entity id="25" name="MERGED_0_LIBENT7_0" longname="" type="MERGED" visible="True" />
                <Entity id="19" name="MERGED_0_LIBENT80_0" longname="" type="MERGED" visible="True" />
                <Entity id="26" name="MERGED_0_LIBENT82_0" longname="" type="MERGED" visible="True" />
                <Entity id="21" name="MERGED_0_LIBENT84_0" longname="" type="MERGED" visible="True" />
                <Entity id="17" name="MERGED_0_LIBENT89_0" longname="" type="MERGED" visible="True" />
                <Entity id="16" name="MERGED_0_LIBENT90_0" longname="" type="MERGED" visible="True" />
                <Entity id="23" name="MERGED_0_LIBENT9_0" longname="" type="MERGED" visible="True" />
                <Entity id="28" name="MERGED_0_sink3/sink3_0" longname="" type="MERGED" visible="True" />
            </Entity>
            <Entity id="1" name="5F" type="Floor" longname="853449728">
                <Entity id="60" name="MERGED_1_Ch_Sofa001/Ch_Sofa001_01_0" longname="" type="MERGED" visible="True" />
                <Entity id="61" name="MERGED_1_Ch_Sofa001/Ch_Sofa001_01_1" longname="" type="MERGED" visible="True" />
                <Entity id="62" name="MERGED_1_Ch_Sofa001/Ch_Sofa001_01_2" longname="" type="MERGED" visible="True" />
                <Entity id="63" name="MERGED_1_Ch_Sofa001/Ch_Sofa001_02_0" longname="" type="MERGED" visible="True" />
                <Entity id="64" name="MERGED_1_Ch_Sofa001/Ch_Sofa001_03_0" longname="" type="MERGED" visible="True" />
                <Entity id="65" name="MERGED_1_Ch_Sofa001/Ch_Sofa001_03_1" longname="" type="MERGED" visible="True" />
                <Entity id="66" name="MERGED_1_Ch_Sofa001/Ch_Sofa001_03_2" longname="" type="MERGED" visible="True" />
                <Entity id="67" name="MERGED_1_Ch_Sofa001/Ch_Sofa001_03_3" longname="" type="MERGED" visible="True" />
                <Entity id="68" name="MERGED_1_Ch_Sofa001/Ch_Sofa001_03_4" longname="" type="MERGED" visible="True" />
                <Entity id="69" name="MERGED_1_Ch_Sofa001/Ch_Sofa001_03_5" longname="" type="MERGED" visible="True" />
                <Entity id="70" name="MERGED_1_Ch_Sofa001/Ch_Sofa001_03_6" longname="" type="MERGED" visible="True" />
                <Entity id="30" name="MERGED_1_Ch_Sofa002/Ch_Sofa002_01_0" longname="" type="MERGED" visible="True" />
                <Entity id="31" name="MERGED_1_Ch_Sofa002/Ch_Sofa002_01_1" longname="" type="MERGED" visible="True" />
                <Entity id="32" name="MERGED_1_Ch_Sofa002/Ch_Sofa002_01_2" longname="" type="MERGED" visible="True" />
                <Entity id="33" name="MERGED_1_Ch_Sofa002/Ch_Sofa002_02_0" longname="" type="MERGED" visible="True" />
                <Entity id="34" name="MERGED_1_Ch_Sofa002/Ch_Sofa002_03_0" longname="" type="MERGED" visible="True" />
                <Entity id="35" name="MERGED_1_Ch_Sofa002/Ch_Sofa002_03_1" longname="" type="MERGED" visible="True" />
                <Entity id="36" name="MERGED_1_Ch_Sofa002/Ch_Sofa002_03_2" longname="" type="MERGED" visible="True" />
                <Entity id="37" name="MERGED_1_Ch_Sofa002/Ch_Sofa002_03_3" longname="" type="MERGED" visible="True" />
                <Entity id="38" name="MERGED_1_Ch_Sofa002/Ch_Sofa002_03_4" longname="" type="MERGED" visible="True" />
                <Entity id="39" name="MERGED_1_Ch_Sofa002/Ch_Sofa002_03_5" longname="" type="MERGED" visible="True" />
                <Entity id="40" name="MERGED_1_Ch_Sofa002/Ch_Sofa002_03_6" longname="" type="MERGED" visible="True" />
                <Entity id="55" name="MERGED_1_DoubleBed_003/Material#246_0" longname="" type="MERGED" visible="True" />
                <Entity id="56" name="MERGED_1_DoubleBed_003/Material#247_0" longname="" type="MERGED" visible="True" />
                <Entity id="57" name="MERGED_1_DoubleBed_003/Material#248_0" longname="" type="MERGED" visible="True" />
                <Entity id="58" name="MERGED_1_DoubleBed_003/Material#248_1" longname="" type="MERGED" visible="True" />
                <Entity id="59" name="MERGED_1_DoubleBed_003/Material#250_0" longname="" type="MERGED" visible="True" />
                <Entity id="24" name="MERGED_1_LIBENT0_0" longname="" type="MERGED" visible="True" />
                <Entity id="17" name="MERGED_1_LIBENT12_0" longname="" type="MERGED" visible="True" />
                <Entity id="11" name="MERGED_1_LIBENT1_0" longname="" type="MERGED" visible="True" />
                <Entity id="8" name="MERGED_1_LIBENT2_0" longname="" type="MERGED" visible="True" />
                <Entity id="9" name="MERGED_1_LIBENT2_1" longname="" type="MERGED" visible="True" />
                <Entity id="12" name="MERGED_1_LIBENT3_0" longname="" type="MERGED" visible="True" />
                <Entity id="19" name="MERGED_1_LIBENT5_0" longname="" type="MERGED" visible="True" />
                <Entity id="25" name="MERGED_1_LIBENT6_0" longname="" type="MERGED" visible="True" />
                <Entity id="13" name="MERGED_1_LIBENT70_0" longname="" type="MERGED" visible="True" />
                <Entity id="14" name="MERGED_1_LIBENT72_0" longname="" type="MERGED" visible="True" />
                <Entity id="10" name="MERGED_1_LIBENT73_0" longname="" type="MERGED" visible="True" />
                <Entity id="20" name="MERGED_1_LIBENT75_0" longname="" type="MERGED" visible="True" />
                <Entity id="21" name="MERGED_1_LIBENT7_0" longname="" type="MERGED" visible="True" />
                <Entity id="23" name="MERGED_1_LIBENT84_0" longname="" type="MERGED" visible="True" />
                <Entity id="22" name="MERGED_1_LIBENT86_0" longname="" type="MERGED" visible="True" />
                <Entity id="16" name="MERGED_1_LIBENT89_0" longname="" type="MERGED" visible="True" />
                <Entity id="15" name="MERGED_1_LIBENT90_0" longname="" type="MERGED" visible="True" />
                <Entity id="18" name="MERGED_1_LIBENT9_0" longname="" type="MERGED" visible="True" />
                <Entity id="42" name="MERGED_1_RoundTable_004/Wood_Walnut_0" longname="" type="MERGED" visible="True" />
                <Entity id="43" name="MERGED_1_RoundTable_004/Wood_Walnut_1" longname="" type="MERGED" visible="True" />
                <Entity id="44" name="MERGED_1_RoundTable_004/Wood_Walnut_2" longname="" type="MERGED" visible="True" />
                <Entity id="45" name="MERGED_1_RoundTable_004/Wood_Walnut_3" longname="" type="MERGED" visible="True" />
                <Entity id="71" name="MERGED_1_Urinal_02/Urinal_02_0" longname="" type="MERGED" visible="True" />
                <Entity id="49" name="MERGED_1_shower1/BASE_0" longname="" type="MERGED" visible="True" />
                <Entity id="50" name="MERGED_1_shower1/BASE_1" longname="" type="MERGED" visible="True" />
                <Entity id="51" name="MERGED_1_shower1/BASE_2" longname="" type="MERGED" visible="True" />
                <Entity id="52" name="MERGED_1_shower1/BASE_3" longname="" type="MERGED" visible="True" />
                <Entity id="53" name="MERGED_1_shower1/BASE_4" longname="" type="MERGED" visible="True" />
                <Entity id="54" name="MERGED_1_shower1/booth_0" longname="" type="MERGED" visible="True" />
                <Entity id="47" name="MERGED_1_shower1/glass_0" longname="" type="MERGED" visible="True" />
                <Entity id="48" name="MERGED_1_shower1/glass_1" longname="" type="MERGED" visible="True" />
                <Entity id="41" name="MERGED_1_sink3/sink3_0" longname="" type="MERGED" visible="True" />
                <Entity id="46" name="MERGED_1_toilet4/toilet4_0" longname="" type="MERGED" visible="True" />
                <Entity id="26" name="MERGED_1_washer01/washer0112_0" longname="" type="MERGED" visible="True" />
                <Entity id="27" name="MERGED_1_washer01/washer0113_0" longname="" type="MERGED" visible="True" />
                <Entity id="28" name="MERGED_1_washer01/washer0114_0" longname="" type="MERGED" visible="True" />
                <Entity id="29" name="MERGED_1_washer01/washer0115_0" longname="" type="MERGED" visible="True" />
            </Entity>
            <Entity id="2" name="6F" type="Floor" longname="167915596">
                <Entity id="17" name="MERGED_2_LIBENT12_0" longname="" type="MERGED" visible="True" />
                <Entity id="8" name="MERGED_2_LIBENT1_0" longname="" type="MERGED" visible="True" />
                <Entity id="10" name="MERGED_2_LIBENT2_0" longname="" type="MERGED" visible="True" />
                <Entity id="22" name="MERGED_2_LIBENT36_0" longname="" type="MERGED" visible="True" />
                <Entity id="9" name="MERGED_2_LIBENT3_0" longname="" type="MERGED" visible="True" />
                <Entity id="19" name="MERGED_2_LIBENT5_0" longname="" type="MERGED" visible="True" />
                <Entity id="23" name="MERGED_2_LIBENT6_0" longname="" type="MERGED" visible="True" />
                <Entity id="12" name="MERGED_2_LIBENT70_0" longname="" type="MERGED" visible="True" />
                <Entity id="14" name="MERGED_2_LIBENT72_0" longname="" type="MERGED" visible="True" />
                <Entity id="11" name="MERGED_2_LIBENT73_0" longname="" type="MERGED" visible="True" />
                <Entity id="21" name="MERGED_2_LIBENT75_0" longname="" type="MERGED" visible="True" />
                <Entity id="20" name="MERGED_2_LIBENT7_0" longname="" type="MERGED" visible="True" />
                <Entity id="13" name="MERGED_2_LIBENT86_0" longname="" type="MERGED" visible="True" />
                <Entity id="16" name="MERGED_2_LIBENT89_0" longname="" type="MERGED" visible="True" />
                <Entity id="15" name="MERGED_2_LIBENT90_0" longname="" type="MERGED" visible="True" />
                <Entity id="18" name="MERGED_2_LIBENT9_0" longname="" type="MERGED" visible="True" />
                <Entity id="26" name="MERGED_2_shower1/BASE_0" longname="" type="MERGED" visible="True" />
                <Entity id="27" name="MERGED_2_shower1/booth_0" longname="" type="MERGED" visible="True" />
                <Entity id="25" name="MERGED_2_shower1/glass_0" longname="" type="MERGED" visible="True" />
                <Entity id="24" name="MERGED_2_sink3/sink3_0" longname="" type="MERGED" visible="True" />
            </Entity>
            <Entity id="3" name="7F" type="Floor" longname="97375230">
                <Entity id="16" name="MERGED_3_LIBENT12_0" longname="" type="MERGED" visible="True" />
                <Entity id="9" name="MERGED_3_LIBENT1_0" longname="" type="MERGED" visible="True" />
                <Entity id="8" name="MERGED_3_LIBENT2_0" longname="" type="MERGED" visible="True" />
                <Entity id="11" name="MERGED_3_LIBENT3_0" longname="" type="MERGED" visible="True" />
                <Entity id="18" name="MERGED_3_LIBENT5_0" longname="" type="MERGED" visible="True" />
                <Entity id="22" name="MERGED_3_LIBENT6_0" longname="" type="MERGED" visible="True" />
                <Entity id="12" name="MERGED_3_LIBENT70_0" longname="" type="MERGED" visible="True" />
                <Entity id="13" name="MERGED_3_LIBENT72_0" longname="" type="MERGED" visible="True" />
                <Entity id="10" name="MERGED_3_LIBENT73_0" longname="" type="MERGED" visible="True" />
                <Entity id="19" name="MERGED_3_LIBENT7_0" longname="" type="MERGED" visible="True" />
                <Entity id="20" name="MERGED_3_LIBENT82_0" longname="" type="MERGED" visible="True" />
                <Entity id="21" name="MERGED_3_LIBENT86_0" longname="" type="MERGED" visible="True" />
                <Entity id="15" name="MERGED_3_LIBENT89_0" longname="" type="MERGED" visible="True" />
                <Entity id="14" name="MERGED_3_LIBENT90_0" longname="" type="MERGED" visible="True" />
                <Entity id="17" name="MERGED_3_LIBENT9_0" longname="" type="MERGED" visible="True" />
                <Entity id="23" name="MERGED_3_sink3/sink3_0" longname="" type="MERGED" visible="True" />
            </Entity>
            <Entity id="4" name="8F" type="Floor" longname="1561895028">
                <Entity id="17" name="MERGED_4_LIBENT12_0" longname="" type="MERGED" visible="True" />
                <Entity id="8" name="MERGED_4_LIBENT1_0" longname="" type="MERGED" visible="True" />
                <Entity id="10" name="MERGED_4_LIBENT2_0" longname="" type="MERGED" visible="True" />
                <Entity id="11" name="MERGED_4_LIBENT3_0" longname="" type="MERGED" visible="True" />
                <Entity id="19" name="MERGED_4_LIBENT5_0" longname="" type="MERGED" visible="True" />
                <Entity id="22" name="MERGED_4_LIBENT6_0" longname="" type="MERGED" visible="True" />
                <Entity id="13" name="MERGED_4_LIBENT70_0" longname="" type="MERGED" visible="True" />
                <Entity id="14" name="MERGED_4_LIBENT72_0" longname="" type="MERGED" visible="True" />
                <Entity id="12" name="MERGED_4_LIBENT73_0" longname="" type="MERGED" visible="True" />
                <Entity id="20" name="MERGED_4_LIBENT7_0" longname="" type="MERGED" visible="True" />
                <Entity id="21" name="MERGED_4_LIBENT82_0" longname="" type="MERGED" visible="True" />
                <Entity id="9" name="MERGED_4_LIBENT86_0" longname="" type="MERGED" visible="True" />
                <Entity id="16" name="MERGED_4_LIBENT89_0" longname="" type="MERGED" visible="True" />
                <Entity id="15" name="MERGED_4_LIBENT90_0" longname="" type="MERGED" visible="True" />
                <Entity id="18" name="MERGED_4_LIBENT9_0" longname="" type="MERGED" visible="True" />
                <Entity id="23" name="MERGED_4_washer01/washer0112_0" longname="" type="MERGED" visible="True" />
                <Entity id="24" name="MERGED_4_washer01/washer0113_0" longname="" type="MERGED" visible="True" />
                <Entity id="25" name="MERGED_4_washer01/washer0114_0" longname="" type="MERGED" visible="True" />
                <Entity id="26" name="MERGED_4_washer01/washer0115_0" longname="" type="MERGED" visible="True" />
            </Entity>
            <Entity id="5" name="9F" type="Floor" longname="277267391">
                <Entity id="17" name="MERGED_5_LIBENT12_0" longname="" type="MERGED" visible="True" />
                <Entity id="9" name="MERGED_5_LIBENT1_0" longname="" type="MERGED" visible="True" />
                <Entity id="8" name="MERGED_5_LIBENT2_0" longname="" type="MERGED" visible="True" />
                <Entity id="11" name="MERGED_5_LIBENT3_0" longname="" type="MERGED" visible="True" />
                <Entity id="19" name="MERGED_5_LIBENT5_0" longname="" type="MERGED" visible="True" />
                <Entity id="23" name="MERGED_5_LIBENT6_0" longname="" type="MERGED" visible="True" />
                <Entity id="12" name="MERGED_5_LIBENT70_0" longname="" type="MERGED" visible="True" />
                <Entity id="14" name="MERGED_5_LIBENT72_0" longname="" type="MERGED" visible="True" />
                <Entity id="10" name="MERGED_5_LIBENT73_0" longname="" type="MERGED" visible="True" />
                <Entity id="21" name="MERGED_5_LIBENT75_0" longname="" type="MERGED" visible="True" />
                <Entity id="13" name="MERGED_5_LIBENT79_0" longname="" type="MERGED" visible="True" />
                <Entity id="20" name="MERGED_5_LIBENT7_0" longname="" type="MERGED" visible="True" />
                <Entity id="22" name="MERGED_5_LIBENT86_0" longname="" type="MERGED" visible="True" />
                <Entity id="16" name="MERGED_5_LIBENT89_0" longname="" type="MERGED" visible="True" />
                <Entity id="15" name="MERGED_5_LIBENT90_0" longname="" type="MERGED" visible="True" />
                <Entity id="18" name="MERGED_5_LIBENT9_0" longname="" type="MERGED" visible="True" />
            </Entity>
            <Entity id="6" name="10F" type="Floor" longname="1855417883">
                <Entity id="73" name="MERGED_6_Ch_FB004/Ch_FB005_01_0" longname="" type="MERGED" visible="True" />
                <Entity id="74" name="MERGED_6_Ch_FB004/Ch_FB005_02_0" longname="" type="MERGED" visible="True" />
                <Entity id="75" name="MERGED_6_Ch_FB004/Ch_FB005_02_1" longname="" type="MERGED" visible="True" />
                <Entity id="37" name="MERGED_6_Ch_Sofa001/Ch_Sofa001_01_0" longname="" type="MERGED" visible="True" />
                <Entity id="38" name="MERGED_6_Ch_Sofa001/Ch_Sofa001_01_1" longname="" type="MERGED" visible="True" />
                <Entity id="39" name="MERGED_6_Ch_Sofa001/Ch_Sofa001_01_2" longname="" type="MERGED" visible="True" />
                <Entity id="40" name="MERGED_6_Ch_Sofa001/Ch_Sofa001_02_0" longname="" type="MERGED" visible="True" />
                <Entity id="41" name="MERGED_6_Ch_Sofa001/Ch_Sofa001_03_0" longname="" type="MERGED" visible="True" />
                <Entity id="42" name="MERGED_6_Ch_Sofa001/Ch_Sofa001_03_1" longname="" type="MERGED" visible="True" />
                <Entity id="43" name="MERGED_6_Ch_Sofa001/Ch_Sofa001_03_2" longname="" type="MERGED" visible="True" />
                <Entity id="44" name="MERGED_6_Ch_Sofa001/Ch_Sofa001_03_3" longname="" type="MERGED" visible="True" />
                <Entity id="45" name="MERGED_6_Ch_Sofa001/Ch_Sofa001_03_4" longname="" type="MERGED" visible="True" />
                <Entity id="46" name="MERGED_6_Ch_Sofa001/Ch_Sofa001_03_5" longname="" type="MERGED" visible="True" />
                <Entity id="47" name="MERGED_6_Ch_Sofa001/Ch_Sofa001_03_6" longname="" type="MERGED" visible="True" />
                <Entity id="25" name="MERGED_6_Ch_Sofa002/Ch_Sofa002_01_0" longname="" type="MERGED" visible="True" />
                <Entity id="26" name="MERGED_6_Ch_Sofa002/Ch_Sofa002_01_1" longname="" type="MERGED" visible="True" />
                <Entity id="27" name="MERGED_6_Ch_Sofa002/Ch_Sofa002_01_2" longname="" type="MERGED" visible="True" />
                <Entity id="28" name="MERGED_6_Ch_Sofa002/Ch_Sofa002_02_0" longname="" type="MERGED" visible="True" />
                <Entity id="29" name="MERGED_6_Ch_Sofa002/Ch_Sofa002_03_0" longname="" type="MERGED" visible="True" />
                <Entity id="30" name="MERGED_6_Ch_Sofa002/Ch_Sofa002_03_1" longname="" type="MERGED" visible="True" />
                <Entity id="31" name="MERGED_6_Ch_Sofa002/Ch_Sofa002_03_2" longname="" type="MERGED" visible="True" />
                <Entity id="32" name="MERGED_6_Ch_Sofa002/Ch_Sofa002_03_3" longname="" type="MERGED" visible="True" />
                <Entity id="33" name="MERGED_6_Ch_Sofa002/Ch_Sofa002_03_4" longname="" type="MERGED" visible="True" />
                <Entity id="34" name="MERGED_6_Ch_Sofa002/Ch_Sofa002_03_5" longname="" type="MERGED" visible="True" />
                <Entity id="35" name="MERGED_6_Ch_Sofa002/Ch_Sofa002_03_6" longname="" type="MERGED" visible="True" />
                <Entity id="62" name="MERGED_6_DoubleBed_003/Material#246_0" longname="" type="MERGED" visible="True" />
                <Entity id="63" name="MERGED_6_DoubleBed_003/Material#247_0" longname="" type="MERGED" visible="True" />
                <Entity id="64" name="MERGED_6_DoubleBed_003/Material#248_0" longname="" type="MERGED" visible="True" />
                <Entity id="65" name="MERGED_6_DoubleBed_003/Material#248_1" longname="" type="MERGED" visible="True" />
                <Entity id="66" name="MERGED_6_DoubleBed_003/Material#250_0" longname="" type="MERGED" visible="True" />
                <Entity id="17" name="MERGED_6_LIBENT12_0" longname="" type="MERGED" visible="True" />
                <Entity id="8" name="MERGED_6_LIBENT1_0" longname="" type="MERGED" visible="True" />
                <Entity id="10" name="MERGED_6_LIBENT2_0" longname="" type="MERGED" visible="True" />
                <Entity id="11" name="MERGED_6_LIBENT2_1" longname="" type="MERGED" visible="True" />
                <Entity id="9" name="MERGED_6_LIBENT3_0" longname="" type="MERGED" visible="True" />
                <Entity id="19" name="MERGED_6_LIBENT5_0" longname="" type="MERGED" visible="True" />
                <Entity id="24" name="MERGED_6_LIBENT6_0" longname="" type="MERGED" visible="True" />
                <Entity id="12" name="MERGED_6_LIBENT70_0" longname="" type="MERGED" visible="True" />
                <Entity id="14" name="MERGED_6_LIBENT72_0" longname="" type="MERGED" visible="True" />
                <Entity id="13" name="MERGED_6_LIBENT73_0" longname="" type="MERGED" visible="True" />
                <Entity id="20" name="MERGED_6_LIBENT75_0" longname="" type="MERGED" visible="True" />
                <Entity id="21" name="MERGED_6_LIBENT7_0" longname="" type="MERGED" visible="True" />
                <Entity id="22" name="MERGED_6_LIBENT86_0" longname="" type="MERGED" visible="True" />
                <Entity id="23" name="MERGED_6_LIBENT87_0" longname="" type="MERGED" visible="True" />
                <Entity id="16" name="MERGED_6_LIBENT89_0" longname="" type="MERGED" visible="True" />
                <Entity id="15" name="MERGED_6_LIBENT90_0" longname="" type="MERGED" visible="True" />
                <Entity id="18" name="MERGED_6_LIBENT9_0" longname="" type="MERGED" visible="True" />
                <Entity id="72" name="MERGED_6_RoundTable_001/Ceramic_WH_0" longname="" type="MERGED" visible="True" />
                <Entity id="49" name="MERGED_6_RoundTable_004/Wood_Walnut_0" longname="" type="MERGED" visible="True" />
                <Entity id="50" name="MERGED_6_RoundTable_004/Wood_Walnut_1" longname="" type="MERGED" visible="True" />
                <Entity id="51" name="MERGED_6_RoundTable_004/Wood_Walnut_2" longname="" type="MERGED" visible="True" />
                <Entity id="52" name="MERGED_6_RoundTable_004/Wood_Walnut_3" longname="" type="MERGED" visible="True" />
                <Entity id="53" name="MERGED_6_RoundTable_004/Wood_Walnut_4" longname="" type="MERGED" visible="True" />
                <Entity id="71" name="MERGED_6_Urinal_02/Urinal_02_0" longname="" type="MERGED" visible="True" />
                <Entity id="56" name="MERGED_6_shower1/BASE_0" longname="" type="MERGED" visible="True" />
                <Entity id="57" name="MERGED_6_shower1/BASE_1" longname="" type="MERGED" visible="True" />
                <Entity id="58" name="MERGED_6_shower1/BASE_2" longname="" type="MERGED" visible="True" />
                <Entity id="59" name="MERGED_6_shower1/BASE_3" longname="" type="MERGED" visible="True" />
                <Entity id="60" name="MERGED_6_shower1/BASE_4" longname="" type="MERGED" visible="True" />
                <Entity id="61" name="MERGED_6_shower1/booth_0" longname="" type="MERGED" visible="True" />
                <Entity id="54" name="MERGED_6_shower1/glass_0" longname="" type="MERGED" visible="True" />
                <Entity id="55" name="MERGED_6_shower1/glass_1" longname="" type="MERGED" visible="True" />
                <Entity id="36" name="MERGED_6_sink3/sink3_0" longname="" type="MERGED" visible="True" />
                <Entity id="48" name="MERGED_6_toilet4/toilet4_0" longname="" type="MERGED" visible="True" />
                <Entity id="67" name="MERGED_6_washer01/washer0112_0" longname="" type="MERGED" visible="True" />
                <Entity id="68" name="MERGED_6_washer01/washer0113_0" longname="" type="MERGED" visible="True" />
                <Entity id="69" name="MERGED_6_washer01/washer0114_0" longname="" type="MERGED" visible="True" />
                <Entity id="70" name="MERGED_6_washer01/washer0115_0" longname="" type="MERGED" visible="True" />
            </Entity>
            <Entity id="7" name="Ding" type="Floor" longname="1116257044">
                <Entity id="16" name="MERGED_7_LIBENT12_0" longname="" type="MERGED" visible="True" />
                <Entity id="8" name="MERGED_7_LIBENT1_0" longname="" type="MERGED" visible="True" />
                <Entity id="9" name="MERGED_7_LIBENT2_0" longname="" type="MERGED" visible="True" />
                <Entity id="10" name="MERGED_7_LIBENT3_0" longname="" type="MERGED" visible="True" />
                <Entity id="15" name="MERGED_7_LIBENT52_0" longname="" type="MERGED" visible="True" />
                <Entity id="18" name="MERGED_7_LIBENT5_0" longname="" type="MERGED" visible="True" />
                <Entity id="21" name="MERGED_7_LIBENT67_0" longname="" type="MERGED" visible="True" />
                <Entity id="11" name="MERGED_7_LIBENT70_0" longname="" type="MERGED" visible="True" />
                <Entity id="13" name="MERGED_7_LIBENT72_0" longname="" type="MERGED" visible="True" />
                <Entity id="12" name="MERGED_7_LIBENT73_0" longname="" type="MERGED" visible="True" />
                <Entity id="19" name="MERGED_7_LIBENT7_0" longname="" type="MERGED" visible="True" />
                <Entity id="22" name="MERGED_7_LIBENT84_0" longname="" type="MERGED" visible="True" />
                <Entity id="20" name="MERGED_7_LIBENT86_0" longname="" type="MERGED" visible="True" />
                <Entity id="14" name="MERGED_7_LIBENT90_0" longname="" type="MERGED" visible="True" />
                <Entity id="17" name="MERGED_7_LIBENT9_0" longname="" type="MERGED" visible="True" />
            </Entity>
        </ObjectHierarchy>
    </Building>
</Project>
